{
  "rf": [
    0.004832917802763185,
    0.2377160929511452,
    0.20325575862483863,
    0.47639549982221907,
    0.511519093126645,
    0.4778484439867695,
    0.457957823139943,
    0.47954198991920377,
    0.38353947193102117,
    0.45454276201078453,
    0.2856162899202872,
    0.2869396377777573,
    0.2693478314716521,
    0.24941352030296798,
    0.1299977461732454,
    0.2823281057900989,
    0.088112781235636,
    0.07496535123630879,
    0.021427099934079846,
    0.032047254023384944,
    0.003925440746090653,
    0.01903555966922137,
    0.1537702526309199,
    0.2732055783441642
  ],
  "base_val_ppl": 14.793658487895353,
  "selections": {
    "low_rf": [
      0,
      14,
      16,
      17,
      18,
      19,
      20,
      21
    ],
    "high_rf": [
      3,
      4,
      5,
      6,
      7,
      8,
      9,
      11
    ],
    "last8": [
      16,
      17,
      18,
      19,
      20,
      21,
      22,
      23
    ],
    "first8": [
      0,
      1,
      2,
      3,
      4,
      5,
      6,
      7
    ]
  },
  "rand_sets": [
    [
      0,
      1,
      4,
      5,
      11,
      12,
      19,
      23
    ],
    [
      0,
      4,
      6,
      11,
      14,
      15,
      17,
      18
    ],
    [
      2,
      5,
      8,
      11,
      15,
      18,
      19,
      23
    ],
    [
      0,
      3,
      7,
      8,
      11,
      19,
      22,
      23
    ],
    [
      4,
      8,
      9,
      11,
      16,
      17,
      20,
      22
    ],
    [
      1,
      5,
      8,
      10,
      11,
      14,
      17,
      21
    ]
  ],
  "config": {
    "N_SEL": 8,
    "RANK": 8,
    "STEPS": 400,
    "BS": 4,
    "SEQ": 256,
    "LR": 0.0002
  },
  "ppls_low_rf": [
    11.089917663608169,
    11.071488154046419,
    11.063888575847347
  ],
  "ppls_high_rf": [
    11.28795888596306,
    11.25270473348049,
    11.198577296834312
  ],
  "ppls_last8": [
    12.055822394341558,
    12.034318596830593,
    12.07202150585425
  ],
  "ppls_first8": [
    11.138589931400968,
    11.1503234433699,
    11.08416571950023
  ],
  "ppls_random": [
    11.026473600005,
    10.92865172846787,
    11.21756068551547,
    11.014870415521802,
    11.295540016291227,
    11.2179030235237
  ]
}