{
  "qwen2.5-0.5b": {
    "arch": "swiglu",
    "rf": [
      0.004832917802763185,
      0.2377160929511452,
      0.20325575862483863,
      0.47639549982221907,
      0.511519093126645,
      0.4778484439867695,
      0.457957823139943,
      0.47954198991920377,
      0.38353947193102117,
      0.4545427620589881,
      0.2856162899202872,
      0.2869396377777573,
      0.2693478313690655,
      0.249413520253343,
      0.1299977461732454,
      0.2823281057900989,
      0.08811277202411698,
      0.07496535125318676,
      0.021427099934079846,
      0.03204725403682595,
      0.003925440746090653,
      0.01903555966922137,
      0.1537702526309199,
      0.2732055783441642
    ],
    "signed_tr_ratio": [
      1.8191968103737741,
      14.562648711852441,
      13.457889387395676,
      20.643141164129972,
      21.39346515827715,
      20.674217792022706,
      20.23766362404471,
      20.71090317064804,
      18.51496768237501,
      20.162770206326506,
      15.96758567293729,
      16.005608206764684,
      15.50461393035689,
      14.917480237963984,
      10.741697705217023,
      15.873837409196922,
      8.823333508691872,
      8.131775355427374,
      4.258289158557167,
      5.254483780112069,
      1.5537994465111022,
      -4.004567437581878,
      -11.698792466905928,
      -15.620192879556235
    ],
    "cos_layer": {
      "S0": [
        0.05261357763083652,
        0.2766355643980205,
        0.34272325644269586,
        0.5325612276792526,
        0.5178830889053643,
        0.4684280650690198,
        0.473629089538008,
        0.4804782955907285,
        0.4432904999703169,
        0.5535430507734418,
        0.39545479975640774,
        0.4352640141732991,
        0.39474549191072583,
        0.3338402546942234,
        0.11450262588914484,
        0.22736562252976,
        0.003927648338503786,
        0.058891495486022905,
        0.018919960413768422,
        0.031112410724745132,
        -0.06660027668112889,
        -0.08506602025590837,
        -0.2909842561930418,
        -0.33501584408804774
      ],
      "S1": [
        -0.05486685235518962,
        0.022223934342036955,
        -0.09676344087347388,
        -0.2906120684929192,
        -0.2671773745678365,
        -0.3250939208082855,
        -0.31422248715534806,
        -0.313420323189348,
        -0.4046412599273026,
        -0.397939954418689,
        -0.3190211020410061,
        -0.3326230398379266,
        -0.2556948927231133,
        -0.20655112573876977,
        -0.018713247035520908,
        -0.06400417361328437,
        0.04829429671372054,
        0.03579897059171344,
        0.016977332561509684,
        0.04258597316220403,
        0.15655420697294176,
        0.03852999979426386,
        0.13913191494066268,
        0.14091822307091206
      ],
      "S1p": [
        0.04863954638130963,
        0.26862454623915255,
        0.3107494628056884,
        0.5156907658092678,
        0.49385101441293955,
        0.4178097452968359,
        0.42783254478126764,
        0.4415170168504119,
        0.43163094110786915,
        0.5275367693975568,
        0.38701835460960865,
        0.4118124288506806,
        0.38199883978813887,
        0.3072133557870984,
        0.0919223198434338,
        0.22085960605181754,
        -0.010941543408989673,
        0.06124506812193431,
        0.02823494108451996,
        0.036766474673640914,
        -0.0583753440878354,
        -0.061708823195658624,
        -0.23600755142979324,
        -0.3066743202507496
      ],
      "S2": [
        -0.049476333195343614,
        0.06256026192568243,
        -0.07260400179075077,
        -0.17505625425837934,
        -0.1458023472223431,
        -0.2117485029157251,
        -0.2166060428135097,
        -0.2334479943383485,
        -0.33099658600986004,
        -0.30472333915531635,
        -0.25739376060664654,
        -0.2800755016505718,
        -0.2220176716800779,
        -0.19318153290078044,
        -0.07362340844701976,
        -0.050813101519452175,
        0.062063716675766045,
        0.0577554685951327,
        0.043634135530737694,
        0.07382690656231716,
        0.16766130295582116,
        0.06769969634478912,
        -0.007075188084854744,
        -0.004313755232033145
      ]
    },
    "self_check_max_relerr": 0.0,
    "n_layers": 24,
    "rho_S0": {
      "rho": -0.8382608695652173,
      "p": 3.165847694968006e-07
    },
    "nflip_S0": 0,
    "rho_S1": {
      "rho": 0.7634782608695652,
      "p": 1.4239203018624185e-05
    },
    "nflip_S1": 18,
    "rho_S1p": {
      "rho": -0.8330434782608694,
      "p": 4.375168318797064e-07
    },
    "nflip_S1p": 0,
    "rho_S2": {
      "rho": 0.7634782608695652,
      "p": 1.4239203018624185e-05
    },
    "nflip_S2": 17,
    "cos_hi_S0": 0.5044204695926359,
    "cos_lo_S0": 0.0016451912197226193,
    "cos_hi_S1": -0.3180776881054044,
    "cos_lo_S1": 0.03926327178790719,
    "cos_hi_S1p": 0.47070630942471325,
    "cos_lo_S1p": 0.009133643829651797,
    "cos_hi_S2": -0.21456408011727035,
    "cos_lo_S2": 0.0601835294655757
  },
  "tinyllama": {
    "arch": "swiglu",
    "rf": [
      0.22599732082125867,
      0.035457159210549996,
      0.05987189264686814,
      0.21252868419430376,
      0.20280630343860714,
      0.21625202032456675,
      0.2644938436796083,
      0.2670192576897923,
      0.24354429048058734,
      0.3035293520402357,
      0.24595638788504387,
      0.24927886848178213,
      0.2911787128095181,
      0.2240187423568333,
      0.21813653407310488,
      0.11417734501175252,
      0.14972707599977692,
      0.03417578642575833,
      0.007956933415801976,
      0.003052573609651332,
      0.048847985442104336,
      0.11025581781375639
    ],
    "signed_tr_ratio": [
      21.492237331651502,
      8.462303131209072,
      11.027648244512635,
      20.84077783188393,
      20.357095810774045,
      21.02250801268878,
      23.25470866968012,
      23.365745178529536,
      22.312440168446674,
      24.914738819921,
      22.42223044095762,
      22.573928317887773,
      24.40179881712395,
      21.397011695909466,
      21.113531945892,
      15.257577760982306,
      17.482414894425123,
      8.302821266115197,
      3.904532360155103,
      -2.28462371780148,
      -9.952102663389452,
      -14.994748067073914
    ],
    "cos_layer": {
      "S0": [
        0.19828120805323124,
        0.15442324383184314,
        0.2145195093471557,
        0.4067923598922789,
        0.42988877557218075,
        0.4212961276061833,
        0.4505185130983591,
        0.41606458416208625,
        0.42743487656116486,
        0.45270104985684156,
        0.3847073493525386,
        0.4028197186999023,
        0.3867048039101064,
        0.29465365828946233,
        0.2800818053074181,
        0.12256705097388476,
        0.1778842848725617,
        0.05236850801156834,
        -0.0036198384827912378,
        -0.08064308250322938,
        -0.18045565485954285,
        -0.2849370972253382
      ],
      "S1": [
        0.13975910423323512,
        0.06763086502905935,
        0.005077301664641709,
        -0.0071470232387582655,
        -0.026868970209761756,
        -0.031895988853648305,
        -0.09485050453804433,
        -0.04598235394223593,
        -0.09466289554256946,
        -0.07625713845482096,
        -0.09242722706403583,
        -0.12674116354901344,
        -0.18215460400097072,
        -0.014223247366317082,
        -0.0443329808767885,
        -0.03030087991965047,
        -0.026205322210444137,
        0.07413924504362512,
        0.1080748598324135,
        0.1317832338390872,
        0.1121456625405699,
        0.06197957374388352
      ],