{
  "0.5": {
    "beta": 664.50156604815,
    "r": 0.9999211022919472,
    "rf_Mstar": 0.03456840499472307
  },
  "1.0": {
    "beta": 9.983297171563061,
    "r": 0.7371243257857378,
    "rf_Mstar": 0.09163175014592932
  },
  "2.0": {
    "beta": -0.6430188430884382,
    "r": -0.15107436872215668,
    "rf_Mstar": 0.22952559500637426
  }
}