{
  "split": {
    "kind": "split",
    "rf_Mstar": 0.03456840499472307,
    "L": 4.0,
    "c": 0.5,
    "eta": 0.002,
    "ln_inv": [
      8.517193191416238,
      7.600902459542082,
      6.907755278982137,
      6.214608098422191,
      5.298317366548036,
      4.605170185988092,
      3.912023005428146,
      2.995732273553991
    ],
    "thresholds": {
      "0.8": {
        "delta": [
          6032.0,
          5348.0,
          4829.6,
          4312.0,
          3627.6,
          3109.6,
          2586.8,
          1864.8
        ],
        "t_loss": [
          1728.4,
          1500.0,
          1328.8,
          1157.6,
          933.6,
          766.4,
          603.6,
          409.2
        ],
        "t_rad": [
          7760.4,
          6848.0,
          6158.4,
          5469.6,
          4561.2,
          3876.0,
          3190.4,
          2274.0
        ],
        "beta": 752.0987958127713,
        "r": 0.9999678879091314,
        "p": 8.278188307922159e-14,
        "slope_t_loss": 240.68162437572158,
        "slope_t_rad": 992.780420188493
      },
      "0.9": {
        "delta": [
          5408.4,
          4806.0,
          4350.4,
          3894.4,
          3292.4,
          2836.4,
          2373.2,
          1719.2
        ],
        "t_loss": [
          2352.0,
          2042.0,
          1808.0,
          1575.2,
          1268.8,
          1039.6,
          817.2,
          554.8
        ],
        "t_rad": [
          7760.4,
          6848.0,
          6158.4,
          5469.6,
          4561.2,
          3876.0,
          3190.4,
          2274.0
        ],
        "beta": 664.50156604815,
        "r": 0.9999211022919472,
        "p": 1.2277430139789084e-12,
        "slope_t_loss": 328.2788541403428,
        "slope_t_rad": 992.780420188493
      },
      "0.95": {
        "delta": [
          2564.8,
          2498.0,
          2434.4,
          2359.6,
          2243.6,
          2122.8,
          1929.2,
          1488.8
        ],
        "t_loss": [
          5195.6,
          4350.0,
          3724.0,
          3110.0,
          2317.6,
          1753.2,
          1261.2,
          785.2
        ],
        "t_rad": [
          7760.4,
          6848.0,
          6158.4,
          5469.6,
          4561.2,
          3876.0,
          3190.4,
          2274.0
        ],
        "beta": 176.4298200980103,
        "r": 0.9377609888652438,
        "p": 0.0005749521822824434,
        "slope_t_loss": 816.3506000904831,
        "slope_t_rad": 992.780420188493
      },
      "0.99": {
        "delta": [
          114.0,
          121.6,
          129.2,
          137.2,
          149.2,
          158.0,
          161.2,
          130.4
        ],
        "t_loss": [
          7646.4,
          6726.4,
          6029.2,
          5332.4,
          4412.0,
          3718.0,
          3029.2,
          2143.6
        ],
        "t_rad": [
          7760.4,
          6848.0,
          6158.4,
          5469.6,
          4561.2,
          3876.0,
          3190.4,
          2274.0
        ],
        "beta": -6.249352413801375,
        "r": -0.692901420990227,
        "p": 0.05675330444828375,
        "slope_t_loss": 999.0297726022944,
        "slope_t_rad": 992.780420188493
      }
    }
  },
  "radial": {
    "kind": "radial",
    "rf_Mstar": 1.0,
    "L": 4.0,
    "c": 4.0,
    "eta": 0.002,
    "ln_inv": [
      8.517193191416238,
      7.600902459542082,
      6.907755278982137,
      6.214608098422191,
      5.298317366548036,
      4.605170185988092,
      3.912023005428146,
      2.995732273553991
    ],
    "thresholds": {
      "0.8": {
        "delta": [
          -683.2,
          -614.4,
          -562.8,
          -511.6,
          -445.2,
          -392.8,
          -334.4,
          -251.6
        ],
        "t_loss": [
          1048.4,
          933.6,
          847.2,
          760.4,
          646.0,
          559.6,
          472.8,
          357.6
        ],
        "t_rad": [
          365.2,
          319.2,
          284.4,
          248.8,
          200.8,
          166.8,
          138.4,
          106.0
        ],
        "beta": -77.00138483210324,
        "r": -0.9992713631953569,
        "p": 9.665758929929707e-10,
        "slope_t_loss": 125.03238420834161,
        "slope_t_rad": 48.03099937623841
      },
      "0.9": {
        "delta": [
          -769.2,
          -701.2,
          -649.6,
          -597.6,
          -531.6,
          -479.2,
          -420.4,
          -338.4
        ],
        "t_loss": [
          1134.4,
          1020.4,
          934.0,
          846.4,
          732.4,
          646.0,
          558.8,
          444.4
        ],
        "t_rad": [
          365.2,
          319.2,
          284.4,
          248.8,
          200.8,
          166.8,
          138.4,
          106.0
        ],
        "beta": -76.98323947489928,
        "r": -0.999301781369732,
        "p": 8.505245516519723e-10,
        "slope_t_loss": 125.01423885113773,
        "slope_t_rad": 48.03099937623841
      },
      "0.95": {
        "delta": [
          -853.2,
          -784.4,
          -732.4,
          -682.0,
          -615.6,
          -562.4,
          -504.4,
          -422.4
        ],
        "t_loss": [
          1218.4,
          1103.6,
          1016.8,
          930.8,
          816.4,
          729.2,
          642.8,
          528.4
        ],
        "t_rad": [
          365.2,
          319.2,
          284.4,
          248.8,
          200.8,
          166.8,
          138.4,
          106.0
        ],
        "beta": -76.91345621513902,
        "r": -0.9993185417077493,
        "p": 7.907439152497856e-10,
        "slope_t_loss": 124.94445559137742,
        "slope_t_rad": 48.03099937623841
      },
      "0.99": {
        "delta": [
          -1126.0,
          -1057.6,
          -1005.2,
          -954.4,
          -888.0,
          -834.4,
          -772.8,
          -681.2
        ],
        "t_loss": [
          1491.2,
          1376.8,
          1289.6,
          1203.2,
          1088.8,
          1001.2,
          911.2,
          787.2
        ],
        "t_rad": [
          365.2,
          319.2,
          284.4,
          248.8,
          200.8,
          166.8,
          138.4,
          106.0
        ],
        "beta": -78.84134524298531,
        "r": -0.9983362677196163,
        "p": 1.1498687403409718e-08,
        "slope_t_loss": 126.87234461922364,
        "slope_t_rad": 48.03099937623841
      }
    }
  }
}