{
  "qwen2.5-0.5b": {
    "rf": [
      0.004832917802763185,
      0.23771607441793188,
      0.20325574296557292,
      0.47639549982221907,
      0.511519093126645,
      0.47784844405374743,
      0.45795796858749543,
      0.47954198991920377,
      0.38353948666546406,
      0.4545428012657752,
      0.2856162898657602,
      0.28693971197619783,
      0.26934779047938207,
      0.24941355899805906,
      0.12999776265214588,
      0.2823281257850578,
      0.08811279044715697,
      0.07496535573049982,
      0.021427103032837236,
      0.03204725403682595,
      0.003925441003723135,
      0.01903555966922137,
      0.1537702237128881,
      0.273205531647306
    ],
    "distortion": {
      "int4_row": [
        0.20992156863212585,
        0.23844771087169647,
        0.2430076003074646,
        0.21526232361793518,
        0.2352992445230484,
        0.21281304955482483,
        0.21531778573989868,
        0.24549183249473572,
        0.2166377604007721,
        0.24667929112911224,
        0.2447022795677185,
        0.2691826820373535,
        0.2423667162656784,
        0.26649799942970276,
        0.2641167938709259,
        0.25299137830734253,
        0.29804688692092896,
        0.26250016689300537,
        0.2582482099533081,
        0.274835467338562,
        0.27401548624038696,
        0.25893115997314453,
        0.25790369510650635,
        0.2281656563282013
      ],
      "int4_col": [
        0.21737875044345856,
        0.245103657245636,
        0.43108296394348145,
        0.21998849511146545,
        0.24921894073486328,
        0.21546180546283722,
        0.2155720293521881,
        0.249030202627182,
        0.22863692045211792,
        0.2650245130062103,
        0.2699735462665558,
        0.2930399477481842,
        0.2682073712348938,
        0.2820841073989868,
        0.2777121663093567,
        0.26336294412612915,
        0.2866780161857605,
        0.25129616260528564,
        0.25633367896080017,
        0.2750701606273651,
        0.2753523886203766,
        0.45316699147224426,
        0.25434014201164246,
        0.23206165432929993
      ],
      "int4_g128": [
        0.14687617123126984,
        0.1690826117992401,
        0.1707388460636139,
        0.15243497490882874,
        0.15828046202659607,
        0.14863145351409912,
        0.14906929433345795,
        0.15921840071678162,
        0.15065503120422363,
        0.162087082862854,
        0.16170881688594818,
        0.17501157522201538,
        0.16665758192539215,
        0.17583531141281128,
        0.17340263724327087,
        0.16450081765651703,
        0.18757136166095734,
        0.17577441036701202,
        0.17809465527534485,
        0.18294616043567657,
        0.18405941128730774,
        0.17838899791240692,
        0.17540962994098663,
        0.15868443250656128
      ],
      "nf4": [
        0.14139746129512787,
        0.1615425944328308,
        0.16553299129009247,
        0.14709819853305817,
        0.15970385074615479,
        0.14508643746376038,
        0.14590837061405182,
        0.1630927175283432,
        0.14633019268512726,
        0.16306616365909576,
        0.16460028290748596,
        0.18135207891464233,
        0.16134150326251984,
        0.17701290547847748,
        0.17786423861980438,
        0.16806623339653015,
        0.19698788225650787,
        0.17478035390377045,
        0.17400787770748138,
        0.18332993984222412,
        0.18410828709602356,
        0.1755354404449463,
        0.17322517931461334,
        0.15351030230522156
      ]
    },
    "attn_distortion": [
      NaN,
      NaN,
      NaN,
      NaN,
      NaN,
      NaN,
      NaN,
      NaN,
      NaN,
      NaN,
      NaN,
      NaN,
      NaN,
      NaN,
      NaN,
      NaN,
      NaN,
      NaN,
      NaN,
      NaN,
      NaN,
      NaN,
      NaN,
      NaN
    ],
    "rho_int4_row": {
      "rho": -0.5156521739130434,
      "p": 0.009906970265358948
    },
    "rho_int4_col": {
      "rho": -0.4434782608695652,
      "p": 0.029959339686467554
    },
    "rho_int4_g128": {
      "rho": -0.6765217391304347,
      "p": 0.00028371458079174804
    },
    "rho_nf4": {
      "rho": -0.5530434782608695,
      "p": 0.005062933315680412
    }
  },
  "tinyllama": {
    "rf": [
      0.22599736972744233,
      0.035457159210549996,
      0.05987190002120659,
      0.21252868419430376,
      0.20280632267485427,
      0.21625200052034027,
      0.2644938188787528,
      0.2670192874059114,
      0.24354423820405635,
      0.3035293520402357,
      0.2459564169936851,
      0.2492788455834607,
      0.2911787128332345,
      0.2240187931366661,
      0.21813653409471204,
      0.11417734501175252,
      0.14972707601096283,
      0.034175783279377994,
      0.007956931622574513,
      0.003052573828089195,
      0.04884798168666685,
      0.11025581781375639
    ],
    "distortion": {
      "int4_row": [
        0.20707663893699646,
        0.23894336819648743,
        0.231460303068161,
        0.21783117949962616,
        0.213681161403656,
        0.21530473232269287,
        0.21871697902679443,
        0.22622962296009064,
        0.2253953516483307,
        0.2154644876718521,
        0.21038752794265747,
        0.2136252075433731,
        0.22210003435611725,
        0.22901934385299683,
        0.23323315382003784,
        0.2366715669631958,
        0.23358304798603058,
        0.2388542741537094,
        0.2373504787683487,
        0.23793287575244904,
        0.2414083182811737,
        0.24962636828422546
      ],
      "int4_col": [
        0.2281111478805542,
        0.2438918501138687,
        0.24366526305675507,
        0.22069068253040314,
        0.21823011338710785,
        0.21769672632217407,
        0.22658252716064453,
        0.22921110689640045,
        0.22704650461673737,
        0.22151176631450653,
        0.22170716524124146,
        0.2219052016735077,
        0.22951315343379974,
        0.2347370684146881,
        0.23917728662490845,
        0.24194467067718506,
        0.23973912000656128,
        0.2412528693675995,
        0.2367851585149765,
        0.2353830486536026,
        0.23834460973739624,
        0.41871359944343567
      ],
      "int4_g128": [
        0.14421914517879486,
        0.16775698959827423,
        0.16486786305904388,
        0.1538158804178238,
        0.1539670079946518,
        0.15339186787605286,
        0.153065487742424,
        0.15610434114933014,
        0.15484519302845,
        0.15150059759616852,
        0.15036001801490784,
        0.1528943032026291,
        0.15512685477733612,
        0.15879879891872406,
        0.16100060939788818,
        0.16472312808036804,
        0.16380271315574646,
        0.16921651363372803,
        0.16965878009796143,
        0.17111319303512573,
        0.17166323959827423,
        0.17458462715148926
      ],
      "nf4": [
        0.13942907750606537,
        0.16230042278766632,
        0.1595192402601242,
        0.14897984266281128,
        0.1464894860982895,
        0.14755062758922577,
        0.14883671700954437,
        0.1551855504512787,
        0.15389546751976013,
        0.1464262157678604,
        0.14432284235954285,
        0.14597372710704803,
        0.1505553126335144,
        0.15539783239364624,
        0.15784993767738342,
        0.16102612018585205,
        0.15962886810302734,
        0.16352184116840363,
        0.16281378269195557,
        0.16330783069133759,
        0.16526439785957336,
        0.17067088186740875
      ]
    },
    "attn_distortion": [
      NaN,
      NaN,
      NaN,
      NaN,
      NaN,
      NaN,
      NaN,
      NaN,
      NaN,
      NaN,
      NaN,
      NaN,
      NaN,
      NaN,
      NaN,
      NaN,
      NaN,
      NaN,
      NaN,
      NaN,
      NaN,
      NaN
    ],
    "rho_int4_row": {
      "rho": -0.7199322416713722,
      "p": 0.0001583443270363375
    },
    "rho_int4_col": {
      "rho": -0.5957086391869001,
      "p": 0.0034407178486192216
    },