{
  "qwen2.5-0.5b": {
    "rf": [
      0.004832917802763185,
      0.2377160929511452,
      0.20325575862483863,
      0.47639549982221907,
      0.511519093126645,
      0.4778484439867695,
      0.457957823139943,
      0.47954198991920377,
      0.38353947193102117,
      0.4545427620589881,
      0.2856162899202872,
      0.2869396377777573,
      0.2693478313690655,
      0.249413520253343,
      0.1299977461732454,
      0.2823281057900989,
      0.08811277202411698,
      0.07496535125318676,
      0.021427099934079846,
      0.03204725403682595,
      0.003925440746090653,
      0.01903555966922137,
      0.1537702526309199,
      0.2732055783441642
    ],
    "tr_M": [
      48.38715362548828,
      287.441650390625,
      267.1128234863281,
      475.11151123046875,
      518.593017578125,
      465.693359375,
      530.7222900390625,
      563.119384765625,
      504.15252685546875,
      535.3619995117188,
      398.6304626464844,
      389.3629455566406,
      399.08685302734375,
      390.37518310546875,
      277.2119140625,
      465.0831298828125,
      211.84329223632812,
      182.445068359375,
      99.43206787109375,
      132.10556030273438,
      40.103397369384766,
      -105.33897399902344,
      -321.6748046875,
      -416.58673095703125
    ],
    "cos_real": [
      -0.051545930560678244,
      0.06319451343733817,
      -0.06792685599066317,
      -0.174906718544662,
      -0.14650902291759849,
      -0.2154558775946498,
      -0.21119105210527778,
      -0.2251807888969779,
      -0.3273141486570239,
      -0.30372362583875656,
      -0.25619226694107056,
      -0.2805073978379369,
      -0.22012678859755397,
      -0.1954721580259502,
      -0.07050606573466212,
      -0.05110583028726978,
      0.05841532519116299,
      0.05943640241457615,
      0.04295022277801763,
      0.07943545340094715,
      0.1680816514417529,
      0.06715004344005138,
      -0.007744432674371637,
      0.0009884441915346542
    ],
    "cos_lin": [
      0.05391800543293357,
      0.27107686502858996,
      0.34158190339803696,
      0.5301738288253546,
      0.5167074222117662,
      0.46449177991598845,
      0.46391875203698874,
      0.4733592439442873,
      0.44067863281816244,
      0.5512318965047598,
      0.39590675476938486,
      0.4364831428974867,
      0.3989498829469085,
      0.34145694598555565,
      0.11943898536264896,
      0.22519654221832752,
      0.005306129296513973,
      0.05442935656174086,
      0.018032152263913304,
      0.027621209257631563,
      -0.07502020988613367,
      -0.08255629241466522,
      -0.2870125463232398,
      -0.3302371948957443
    ]
  },
  "tinyllama": {
    "rf": [
      0.22599732082125867,
      0.035457159210549996,
      0.05987189264686814,
      0.21252868419430376,
      0.20280630343860714,
      0.21625202032456675,
      0.2644938436796083,
      0.2670192576897923,
      0.24354429048058734,
      0.3035293520402357,
      0.24595638788504387,
      0.24927886848178213,
      0.2911787128095181,
      0.2240187423568333,
      0.21813653407310488,
      0.11417734501175252,
      0.14972707599977692,
      0.03417578642575833,
      0.007956933415801976,
      0.003052573609651332,
      0.048847985442104336,
      0.11025581781375639
    ],
    "tr_M": [
      1124.826904296875,
      394.77752685546875,
      535.5028076171875,
      1065.85791015625,
      1031.5576171875,
      1084.2147216796875,
      1186.0555419921875,
      1130.7919921875,
      1134.157958984375,
      1259.2264404296875,
      1179.06005859375,
      1162.6331787109375,
      1222.7169189453125,
      1074.244873046875,
      1108.38330078125,
      786.3431396484375,
      901.9417724609375,
      424.11553955078125,
      202.7221221923828,
      -122.31926727294922,
      -558.0184326171875,
      -818.8753051757812
    ],
    "cos_real": [
      0.12935753585770726,
      0.07367647811770439,
      0.03205431066453457,
      0.027193852700293064,
      -0.0015764155068609398,
      -0.0010254399367113365,
      -0.055998664698563516,
      -0.08213764824904501,
      -0.1190396046731621,
      -0.10056241368874907,
      -0.1300273365341127,
      -0.16888927901163697,
      -0.1384272815193981,
      -0.08564569614827633,
      -0.066995017696172,
      -0.05148344014014583,
      0.011851868985104375,
      0.08461697993334383,
      0.12083824397996068,
      0.12337266886606812,
      0.05087851785356179,
      0.03364960747421719
    ],
    "cos_lin": [
      0.1956409807316959,
      0.1561341336928308,
      0.21533677726984024,
      0.40676358062773943,
      0.42970553785562515,
      0.42130655981600285,
      0.4482335727661848,
      0.41395314782857895,
      0.42395925894379616,
      0.4498009495437145,
      0.38140224386006594,
      0.40267672948539257,
      0.38527962379157543,
      0.2937092259526253,
      0.28054361790418625,
      0.12364029884338379,
      0.17659296840429306,
      0.04894740704912692,
      -0.0058854275703197345,
      -0.08400259935297072,
      -0.17668129317462444,
      -0.27981966733932495
    ]
  }
}